Laboratorio,Nome do coordenador,ATENCAO,Nome Oficial,BATEU,PROVAVELMENTE ERRADO
Laboratorio de Estudos em Turismo e Sustentabilidade,helena costa,,helena araujo costa,,
Laboratorio de Estudos em Turismo e Sustentabilidade,elimar pinheiro do nascimento,,josiane do socorro aguiar de souza de oliveira campos,,
Centro de Memoria Digital,celso silva fonseca,,celso silva fonseca,,
Laboratorio de Populacao e Desenvolvimento do Nucleo de Estudos Urbanos e Regionais,ana maria nogales,,ana maria nogales vasconcelos,,
Nucleo de Estudos sobre Diversidade Sexual e de Genero,tatiana lionc,,tatiana barbosa rosado,,
Nucleo de Estudos sobre Diversidade Sexual e de Genero,valdenizia peixoto,,eduardo peixoto fernandes da silva,,
Nucleo de Estudos Sobre o Pensamento Italiano,alex s calheiros de moura,,alex sandro calheiros de moura,,
Nucleo de Estudos Sobre o Pensamento Italiano,herivelto p de souza,,herivelto pereira de souza,,
Nucleo de Estudos Sul-Americanos,virgilio arraes,,virgilio caixeta arraes,,
Nucleo de Estudos Sul-Americanos,carlos eduardo vidigal,,carlos eduardo vidigal,,
Nucleo de Estudos Afro-Brasileiros,renisia cristina garcia filice,,renisia cristina garcia filice,,
Nucleo de Estudos Agrarios,clarice aparecida dos santos,,clarice aparecida dos santos,,
Nucleo de Estudos Agrarios,caroline siqueira gomide,,caroline siqueira gomide,,
Nucleo de Estudos Amazonicos,manoel pereira anade,,manoel pereira de andrade,,
Nucleo de Estudos Asiaticos,marcus tanaka de lira,,marcus vinicius de lira ferreira tanaka,,
Nucleo de Estudos Caribenhos e Latino-Americanos,virgilio arraes,,virgilio caixeta arraes,,
Nucleo de Estudos Cubanos,martin jacques i novion,,cristiano jacques miosso rodrigues mendes,,
Nucleo de Estudos Cubanos,felipe canova goncalves,,felipe canova goncalves,,
Nucleo de Estudos da Cultura e da Tradicao Classicas,gilson charles dos santos,,gilson charles dos santos,,
"Nucleo de Estudos da Cultura, Oralidade, Imagem e Memoria do Centro-Oeste",jose walter nunes,,jose roberto de souza de almeida leite,,
"Nucleo de Estudos da Cultura, Oralidade, Imagem e Memoria do Centro-Oeste",selma pantoja,,selma aparecida souza kuckelhaus,,
Nucleo de Estudos da Educacao e Promocao da Saude e Projetos Inclusivos,maria raquel gomes,,maria raquel gomes maia pires,,
Nucleo de Estudos da Educacao e Promocao da Saude e Projetos Inclusivos,anea goncalves,,luiz claudio goncalves de castro,,
Nucleo de Estudos da Infancia e Juventude,maria lucia leal,,maria lucia pinto leal,,
Nucleo de Estudos de Linguagem e Sociedade,viviane resende,,viviane de melo resende,,
"Nucleo de Estudos de Organizacoes Multilaterais, Negocios Internacionais, Turismo e Logistica",ricardo wahrendorff caldas,,ricardo wahrendorff caldas,,
Nucleo de Estudos de Saude Publica,ana valeria machado,,ana valeria machado mendonca,,
Nucleo de Estudos de Saude Publica,claudio fortes garcia lorenzo,,claudio fortes garcia lorenzo,,
Nucleo de Estudos do Brasil Contemporaneo,carlos alberto f lima,,carlos alberto ferreira lima,,
Nucleo de Estudos do Mercosul,carlos eduardo vidigal,,carlos eduardo vidigal,,
Nucleo de Estudos e Acompanhamentos das Licenciaturas / Coordenacao de Formacao Continuada de Professores,paulo sergio de anade bareicha,,paulo sergio de andrade bareicha,,
Nucleo de Estudos e Pesquisa da Terceira Idade,carla targino,,carla targino bruno dos santos,,
Nucleo de Estudos e Pesquisa da Terceira Idade,keila cristianne trindade da cruz,,keila cristianne trindade da cruz,,
Nucleo de Estudos e Pesquisa em Politica Social,camila potyara pereira,,camila potyara pereira,,
"Nucleo de Estudos e Pesquisa em Politicas Publicas, Governo e Gestao",carlos marcos batista,,carlos marcos batista,,
Nucleo de Estudos e Pesquisa sobre a Mulher,marlene teixeira roigues,,marlene teixeira rodrigues,,
Nucleo de Estudos e Pesquisa sobre a Mulher,lia zanotta,,erica negrini lia,,
Nucleo de Estudos Europeus,julie schmied,,julie schmied,,
Nucleo de Estudos sobre Cultura da Diversidade e Minorias Politicas,mario lima brasil,,mario lima brasil,,
Nucleo de Estudos sobre Midia e Politica,fabiola calazans,,fabiola cristina ribeiro zucchi,,
Nucleo de Estudos Sobre o futuro,manuel m formiga,,manuel nascimento dias barcelos junior,,
Nucleo de Estudos Sobre o futuro,murilo s camargo,,murilo silva de camargo,,
Nucleo de Estudos Urbanos e Regionais,luiz fernando macedo bessa,,luiz fernando macedo bessa,,
Nucleo de EstudosEstrategicos,olgamir francisco de carvalho,,heloisa maria moreira lima de almeida salles,,
Nucleo de EstudosEstrategicos,fernando bonfom mariana,,fernando bomfim mariana,,
Nucleo de Modelagem Espacial e Tecnologia para Cidadania,jose wilson correa ros,,jose wilson correa rosa,,
Nucleo de Modelagem Espacial e Tecnologia para Cidadania,monica verissimo,,monica chiodi toscano de campos,,
Nucleo de Pesquisa para Habitacao,frederico flosculo p barreto,,frederico flosculo pinheiro barreto,,
Observatorio de Politicas Publicas Culturais,maria de fatima makiuchi,,maria de fatima rodrigues makiuchi,,
Nucleo de Estudos Para a Paz e Direitos Humanos,nair heloisa bicalho de sousa,,nair heloisa bicalho de sousa,,
Nucleo de Estudos Para a Paz e Direitos Humanos,regina coelly fernandes saraiva,,regina coelly fernandes saraiva,,
Nucleo do Projeto Rondon,carmen regina mendes de araujo correia,,marcio botelho de castro,,
Nucleo da Sustentabilidade,izabel zanetti,,izabel cristina bruno bacellar zaneti,,
Nucleo Tecnico Audiovisual,daniel caixeta,,daniel richard sant'ana,,
Laboratorio de Experimentacao em Linguagens para Dispositivos Moveis,thais de mendonca jorge,,thais de mendonca jorge,,
Laboratorio Transdisciplinar de Pesquisa e Gestao da Memoria na Comunicacao,marcia marques,,marcia marques,,
Laboratorio de Politicas de Comunicacao,elen cristina geraldes,,debora cristina rezende de almeida,,
Laboratorio de Politicas de Comunicacao,murilo cesar oliveira ramos,,josiane do socorro aguiar de souza de oliveira campos,,
Laboratorio Multimidia 1,guilherme miziara,,luiz guilherme grossi porto,,
Laboratorio Multimidia 2,guilherme miziara,,luiz guilherme grossi porto,,
Laboratorio de Edicao Audiovisual,carlos eduardo esch,,carlos eduardo machado da costa esch,,
Laboratorio de Fotografia,"gabriela freitas
fausto menezes (tecnico em cinematografia",,gabriela neves delgado,,
Laboratorio de Publicidade e Propaganda,wagner rizzo,,wagner rodrigues martins,,
Laboratorio de Visionamento,vladimir carvalho  cine fac,,maria cristina de carvalho cascelli de azevedo,,
Laboratorio de Captacao e Edicao em Cinema e Video,leticia bispo,,leticia meda vendrusculo-fangel,,
Laboratorio de Captacao e Edicao em Cinema e Video,ruyter duarte,,janaina lopes do nascimento duarte,,
Centro de Investigacao em Economia e Financas,mauricio soares bugarin,,mauricio soares bugarin,,
Centro de Estudos Avancados de Governo e Administracao Publica,luiz guilherme de oliveira,,luiz guilherme de oliveira,,
Centro de estudos em Regulacao de Mercados,paulo cesar coutinho,,paulo cesar coutinho,,
Laboratorio Servicos: Inovacao e Mudanca,marina moreira,,marina figueiredo moreira,,
Laboratorio de Gestao de Politicas Penais ,magda de lima lucio,,magda de lima lucio,,
Laboratorio de Uso Comum,eduardo tadeu vieira,,eduardo tadeu vieira,,
Laboratorio de Informatica ,olinda maria gomes lesses,,olinda maria gomes lesses,,
Laboratorio de Informatica ,roigo rezende ferreira,,rodrigo rezende ferreira,,
Laboratorio do Departamento de Ciencias Contabeis e Atuariais,paulo cesar de melo mendes,,paulo cesar de melo mendes,,
"Centro de Estudos em Economia, Meio Ambiente e Agricultura","jorge madeira nogueira  
charles curt mueller",,jorge madeira nogueira,,
Laboratorio de Pesquisa do Terceiro Setor,clesia camilo pereira,,clesia camilo pereira,,
Laboratorio de Praticas em Financas e Gestao Governamental,abimael de jesus barros costa,,abimael de jesus barros costa,,
Public Intelligence Laboratory,magda de lima lucio,,magda de lima lucio,,
Laboratorio de Inovacao e Estrategia em Governo,antonio isio-filh,,antonio carlos moraes lessa,,
Laboratorio de Estudos e Pesquisas sobre Inovacao e Servicos,josivania silva farias,,josivania silva farias,,
Laboratorio de Estudos e Pesquisas sobre Inovacao e Servicos,marina figueiredo moreir,,marina figueiredo moreira,,
Socie-dados: Laboratorio de Estudos Avancados sobre Dados (Abertos) e Software (Livre),carlos denner dos santos jr,,carlos denner dos santos junior,,
Laboratorio de Aprendizado de Maquina em Financas e Organizacoes,peo henrique melo albuquerque,,pedro henrique melo albuquerque,,
Laboratorio de Analise de Politicas Publicas,"paulo carlos du pin calmon
caroline wollenhaupt simoes pires",,paulo carlos du pin calmon,,
" Laboratorio de Construcoes Rurais, Irrigacao e Drenagem","delvio sani, joao jose",,jose roberto de souza de almeida leite,,
" Laboratorio de Construcoes Rurais, Irrigacao e Drenagem",gervasio rios,,gervasio fernando alves rios,,
Canteiro de Experimentacoes em Arquitetura,marcio albuquerque buson,,marcio albuquerque buson,,
"Laboratorio do Ambiente Construido, Inclusao e Sustentabilidade",raquel naves blumesnchein,,raquel naves blumenschein,,
Laboratorio de Tecnologia em Estruturas e Construcao Civil na Arquitetura,carlos eduardo luna de melo,,carlos eduardo luna de melo,,
Laboratorio de Fabricacao Digital e Customizacao em Massa,neander furtado,,neander furtado silva,,
Laboratorio de Controle Ambiental e Eficiencia Energetica,claudia naves david amorim,,claudia naves david amorim,,
Laboratorio de Sustentabilidade Aplicada a Arquitura e Urbanismo,marta aiana bustos romero,,marta adriana bustos romero,,
"Nucleo de Estetica, Hermeneutica e Semiotica",flavio kothe,,flavio rene kothe,,
Laboratorio de Configuracao Arquitetonica,gabriela tenorio,,gabriela de souza tenorio,,
Laboratorio de Estudos da Urbe,peo paulo palazz,,paulo roberto menezes lima junior,,
Bioterio Central,"marcelo ismar 
liria queiroz luz hirano",,liria queiroz luz hirano,,
Hospital-Escola de Grandes Animais,jair duarte,,jair duarte da costa junior,,
Hospital-Escola de Pequenos Animais,jair duarte,,jair duarte da costa junior,,
Laboratorio de Analise de Alimentos/Bromatologia,marcio mendonca,,marcio botelho de castro,,
Laboratorio de Avaliacao de Carcacas e Qualidade de Carnes,roigo vidal,,flavio de barros vidal,,
Laboratorio de Bioquimica do Solo,maria lucrecia gerosa ramos,,maria lucrecia gerosa ramos,,
Laboratorio de Instalacoes Agropecuarias e Ambiencia,samuel martin,,samuel martin,,
"Laboratorio de Paisagismo, Floricultura e Arborizacao Urbana",julio barea pastore,,julio barea pastore,,
Laboratorio de Fruticultura,marcio de carvalho pires,,marcio de carvalho pires,,
Laboratorio de Fruticultura,osvaldo kiyoshi yamanishi,,osvaldo kiyoshi yamanishi,,
Laboratorio de Desenho Tecnico,samuel martin,,samuel martin,,
Laboratorio de Tecnica Cirurgica,a paula ou a ana carolina,,ana helena rossi,,
Laboratorio de Analises de Leite e Derivados,marcia de aguiar ferreira,,marcia de aguiar ferreira,,
Laboratorio de Anatomia Veterinaria,eduardo mauricio,,eduardo mauricio mendes de lima,,
Laboratorio de Anestesiologia Veterinaria,ricardo miyasaka,,ricardo miyasaka de almeida,,
Laboratorio de Aquicultura ,roigo diana navarro,,rodrigo diana navarro,,
Laboratorio de Biotecnologia em Organismo Aquatico,roigo diana navarro,,rodrigo diana navarro,,
Laboratorio de Bem-estar animal,francisco bernal,,francisco ernesto moreno bernal,,
Laboratorio de Bovinocultura de Corte,itibere saldanha,,itibere saldanha silva,,
Laboratorio de Diagnostico Patologico Veterinario,fabiano j f de sant'ana,,fabiano jose ferreira de sant'ana,,
Laboratorio de Doencas Infecciosas de Notificacao Obrigatoria,cristiano barros de melo,,cristiano barros de melo,,
Laboratorio de Ensaios Metabolicos,"luci s murata, aline m c racanicci",,aline teixeira alves,,
Laboratorio de Ensaios Metabolicos,marcelo rezende,,marcelo jose de mello rezende,,
Laboratorio de Epidemiologia e Planejamento em Saude Animal,vitor salvador,,vitor salvador picao goncalves,,
Laboratorio de Secagem de Materiais do Solo,cicero celio,,cicero celio de figueiredo,,
Laboratorio de Imuno-histoquimica,marcio botelho,,marcio botelho de castro,,
Laboratorio de Melhoramento Genetico Animal e Analise de Sistema de Producao Bovinocultura,itibere saldanha,,itibere saldanha silva,,
Laboratorio de Microbiologia de Alimentos,angela patricia santana,,angela patricia santana,,
Laboratorio de Estudos da Materia Organica do Solo,cicero celio de figueired,,cicero celio de figueiredo,,
Laboratorio de Microbiologia Medica Veterinaria,simone perecmanis,,simone perecmanis,,
Laboratorio de Multiuso Veterinario,simone perecmanis,,simone perecmanis,,
Laboratorio de Oftalmologia Comparada,paula diniz galera,,paula diniz galera,,
Laboratorio de Parasitologia Veterinaria e Doencas Parasitarias,gino chaves da rocha,,gino chaves da rocha,,
Laboratorio de Patologia Clinica Veterinaria,giane regina paludo,,giane regina paludo,,
Laboratorio de Patologia Veterinaria,marcio botelho,,marcio botelho de castro,,
Laboratorio de Pre-processamento e Armazenamento de Produtos Agricolas,ernandes alencar,,ernandes rodrigues de alencar,,
Laboratorio de Microbiologia do Solo,alessana monteiro de paula,,alessandra monteiro de paula,,
Laboratorio de Protecao de Plantas,ana maria resende junqueira,,ana maria resende junqueira,,
Laboratorio de Protecao de Plantas,cristina schetino bastos,,cristina schetino bastos,,
Laboratorio de Tecnologias para Terapia Genica,ricardo titze,,ricardo titze de almeida,,
Laboratorio Integrado de Reproducao Animal,ivo pivato,,ivo pivato,,
Laboratorio Integrado de Reproducao Animal,roigo arruda de oliveira,,rodrigo arruda de oliveira,,
Labortorio do Nucleo de Pesquisa em Anatomia dos Animais Silvestres,marcelo ismar silva santana,,marcelo ismar silva santana,,
Laboratorio de Bovinocultura de Leite,itibere saldanha,,itibere saldanha silva,,
Museu de Anatomia Veterinaria,eduardo mauricio,,eduardo mauricio mendes de lima,,
Laboratorio de Quimica de Solos,alessana monteiro de paula,,alessandra monteiro de paula,,
Laboratorio de Tecnologia de Sementes,nara oliveira,,nara oliveira silva souza,,
Laboratorio de Analise de Agua,delvio sani,,delvio sandri,,
Centro de Manejo de Ovinos,"sergio lucio salomon cabral filho 

 

essor:

roigo vidal oliveira 


",,sergio costa ulhoa,,
Centro de Aquicultura Sustentavel,roigo diana navarro,,rodrigo diana navarro,,
Centro Vocacional Tecnologico em Agroecologia e Agricultura Organica ,ana maria resende junqueira,,ana maria resende junqueira,,
Centro de Primatologia,maria clotilde henriques tavares,,maria clotilde henriques tavares,,
Laboratorio de Maquinas e Mecanizacao Agricola,tiago correia,,tiago ribeiro duarte,,
Laboratorio de Maquinas e Mecanizacao Agricola,francisco faggion,,francisco faggion,,
Laboratorio de Agroclimatologia,selma regina maggiotto,,vera regina fernandes da silva maraes,,
Laboratorio de Hidraulica Agricola,cicero lopes da silva,,carolina pescatori candido da silva,,
Laboratorio de Hidraulica Agricola,delvio sani,,delvio sandri,,
Laboratorio de Producao de Suinos,luci sayori murata,,luci sayori murata,,
Laboratorios de Ensinos Metabolicos (Animal House),luci sayori murata,,luci sayori murata,,
Viveiro Florestal,rosana de carvalho cristo martins,,rosana de carvalho cristo martins,,
Laboratorio de Microscopia Eletronica,a a claure nain lunardi gomes e-mail: clunardi@unbbr,,claure nain lunardi gomes,,
Laboratorio de Controle de Qualidade de Alimentos,gestora: helcia oliveira (farmaceutica) tecnica: angeislene rycelle e-mail: helciaoli@hotmailcom,,alessandro roberto de oliveira,,
Laboratorio de Praticas Integradas em Saude,"tecnico responsavel: lynce ramos de lima
e-mail: lynce@unbbr
larissa grandi vaitsman bastos",,larissa grandi vaitsman bastos,,
Laboratorio de Avaliacao e Intervencao em Fisioterapia,  roigo luiz carregaro e-mail: roigocarregaro@unbbr,,rodrigo luiz carregaro,,
Laboratorio de Reabilitacao e Habilidade Humana,leonardo petrus da silva paz,,leonardo petrus da silva paz,,
Laboratorio Multidisciplinar 1,"gestor: frederico coelho krause (biologo)
tecnico: elias luiz batista cavalcanti
e-mail: fredkrause@gmailcom cavalcante@unbbr",,joao batista pereira de queiroz,,
Laboratorio de Analise do Movimento e Processamento de Sinais,a a clarissa cardoso dos santos couto paz e-mail: clarissacardoso@unbbr,,clarissa cardoso dos santos couto paz,,
Laboratorio de Ciencias da Saude,"lauro de campos dourado (biologo)
tecnico: elias cavalcanti
e-mail: laurodecampos@hotmailco",,jose roberto de souza de almeida leite,,
Laboratorio Multidisciplinar 2,gestor: peo ivo pellicano (biologo) tecnico: elias luiz batista cavalcanti e-mail: pimpellicano@gmailcom,,joao batista pereira de queiroz,,
Laboratorio Multidisciplinar 2,cavalcante@unbbr (respectivamente,,neusa cavalcante,,
Laboratorio de Habilidades Terapeuticas,luisiane de avila santana,,luisiane de avila santana,,
Laboratorio de Habilidades e Simulacao do Cuidado,"  diana moura pinho
e-mail: diana@unbbr",,diana lucia moura pinho,,
Laboratorio de Analise de Desempenho Funcional Humano,  roigo luiz carregaro e-mail: roigocarregaro@unbbr,,rodrigo luiz carregaro,,
Laboratorio de Comunicacao Humana e Funcoes Orofaciais,isabella monteiro de castro silv,,isabella monteiro de castro silva,,
Laboratorio de Biofisica  e Fisiologia ,"  gerson cipriano junior
e-mail: cipriano@unbb",,gerson cipriano junior,,
Ginasio Terapeutico," ms sergio ricardo thomaz
e-mail: srthomaz@yahoocombr",,sergio costa ulhoa,,
"Nucleo de Tecnologia Assistiva, Acessibilidade e Inclusao",emerson fachin,,emerson fachin martins,,
Grupo de Pesquisas em Patologia Molecular,izabel cristina roigues da silva,,izabel cristina rodrigues da silva,,
Laboratorio de Analises Clinicas,"  eduardo antonio ferreira
e-mail: eduardoferreira@unbb",,eduardo antonio ferreira,,
Laboratorio de Controle de Qualidade Microbiologico,helcia crystiane c s de oliveira,,diana vaz de lima,,
Laboratorio de Instrumentacao Analitica,"diego juscelino santos dias (quimico)
tecnicos: marcos antonio florentino de oliveira leite; renata pascoal illanes tormena;
modoaldo teles do espirito santo
e-mail: djsdias@unbb",,jose roberto de souza de almeida leite,,
Laboratorio de Sintese Farmaceutica,diego juscelino santos dias (quimico) tecnicos: marcos antonio florentino de oliveira leite; renata pascoal illanes tormena; modoaldo teles do espirito santo e-mail: djsdias@unbbr,,jose roberto de souza de almeida leite,,
Centro de Referencia sobre Drogas e Vulnerabilidades Associadas,anea donatti gallassi,,andrea donatti gallassi,,
Laboratorio de Tecnologias,antonio leonardo (farmaceutico) e-mail: antoniolfgarcia@gmailcom,,kleber melo e silva,,
Laboratorio de Fotoquimica e Nanobiotecnologia,"anderson de jesus gomes
claure nain lunardi gomes",,anderson de jesus gomes,,
Nucleo de Direito Setorial e Regulatorio,marcio iorio aranha,,marcio nunes iorio aranha oliveira,,
Laboratorio do Grupo de Estudos Direito dos Recursos Naturais e Sustentabilidade,gabriela garcia batista lima moraes,,gabriela garcia batista lima moraes,,
Laboratorio Audiovisual, tel amiel,,daniel teixeira da costa araujo,,SIM
Laboratorio de Educacao de Surdos e Libras,edeilce aparecida santos buzar,,edeilce aparecida santos buzar,,
Laboratorio de Ensino de Matematica,ireuda campos mourao,,monica chiodi toscano de campos,,
Laboratorio de Informatica da Graduacao,tel amiel,,daniel teixeira da costa araujo,,SIM
Laboratorio Pedagogico de Ensino de Ciencias,helio jose santos maia,,helio jose santos maia,,
"Laboratorio de Arte, musica, cultura e Educacao",patricia lima martins pederiva,,patricia lima martins pederiva,,
Laboratorio de Apoio a Pessoa com Deficiencia Visual,sinara pollom zardo,,sinara pollom zardo,,
Laboratorio de Engenharia de Softwares Educativos Abaco,gilberto lacerda santos,,gilberto lacerda santos,,
Laboratorio de Ensino e Pesquisa em Educacao Geografica,cristina maria costa leite,,cristina maria costa leite,,
Laboratorio de Estudos da Linguagem em Educacao em Contextos Inclusivos,"cristina massot madeira coelho
fatima lucilia vidal roigues",,cristina massot madeira coelho,,
Laboratorio de Informatica da Pos- Graduacao,claudia marcia lyra pato,,claudia marcia lyra pato,,
Laboratorio de Pesquisa e Desenvolvimento do Ensino Especial: Tecnologias na Educacao Inclusiva ,amaralina miranda de souza,,amaralina miranda de souza,,
Laboratorio de Praticas Dialogicas em Educacao,sana ferraz de castillo dourado freire,,sandra ferraz de castillo dourado freire,,
Laboratorio de Producao de Recursos pedagogicos do Ensino Especial,amaralina miranda de souza,,amaralina miranda de souza,,
"Laboratorio Educacao, Ecologia Humana e Transdisciplinaridade",rosangela azevedo correa,,rosangela azevedo correa,,
Laboratorio de Pesquisa e Estudo em Massoterapia Atividades Corporais e Saude,jose celi neto,,jose roberto de souza de almeida leite,,
Laboratorio de Cineantropometria,osmar riehl,,osmar abilio de carvalho junior,,
Laboratorio do Grupo de Estudo e Pesquisa sobre Atividade Fisica para Idosos,marisete peralta safons,,marisete peralta safons,,
Laboratorio do Grupo de Estudo em Educacao Fisica e Saude Coletiva,julia aparecida devide nogueira,,julia aparecida devide nogueira,,
Laboratorio do Grupo de estudos e pesquisa em exercicio e doencas cronicas e/ou neurodegenerativas.,ricardo jaco de oliveira,,ricardo jaco de oliveira,,
Laboratorio do Grupo de Estudos em Fisiologia do Exercicio,"ricardo moreno de lima telefone:
(61) 31072500
fax:
(61) 31072500
contato do grupo:
ricardomoreno@unbbr",,jose roberto de souza de almeida leite,,
"Laboratorio do Grupo de Pesquisa e Formacao Sociocritica em Educacao Fisica, Esporte e Lazer",peo fernando avalone athayde,,pedro fernando avalone de athayde,,
Laboratorio de Analise do Desempenho Esportivo,leonardo lamas leano ribeiro,,leonardo lamas leandro ribeiro,,
Laboratorio de Analise do Movimento Humano,ana cristina de david,,ana cristina de david,,
Laboratorio de Atividade Motora Adaptada,paulo jose barbosa gutierres filho,,paulo jose barbosa gutierres filho,,
Laboratorio de Biomecanica,jake carvalho do carmo,,jake carvalho do carmo,,
Laboratorio de Ensino de Ciencia da Computacao Aplicada a Educacao Fisica e Esporte,tiago guedes russomanno,,tiago luis gil,,
Laboratorio de Fisiologia do Exercicio,guilherme eckhardt molina,,guilherme eckhardt molina,,
Laboratorio de Fisiologia Integrativa,lauro casqueiro vianna,,lauro casqueiro vianna,,
Laboratorio de Imagem e Exercicio Resistido,ricardo moreno de lima,,ricardo moreno lima,,
"Laboratorio de Pesquisa e Formacao Sociocritica e, Educacao Fisica, Esporte e Lazer",fernando mascarenhas alves,,fernando mascarenhas alves,,
Laboratorio de Pesquisa sobre Corpo e Educacao,ingrid dittrich wiggers,,ingrid dittrich wiggers,,
Laboratorio de Pesquisa sobre Gestao do Esporte,paulo henrique azevedo,,paulo henrique azevedo,,
Laboratorio de Processamento de Sinais Biologicos e controle motor,rinaldo ane mezzarane,,rinaldo andre mezzarane,,
Laboratorio de Pesquisa em Treinamento de Forca,martim f bottaro marques,,martim francisco bottaro marques,,
Laboratorio do Nucleo de Estudos do Corpo e Natureza,dulce maria filgueira de almeida,,dulce maria filgueira de almeida,,
Centro de Desenvolvimento do Esporte Recreativo e do Lazer do Distrito Federal,peo fernando avalone athayde,,pedro fernando avalone de athayde,,
Laboratorio de Engenharia e Biomaterias,"a a suelia roigues fleury rosa,
  adson ferreira da rocha,   renan utida ferreira",,adson ferreira da rocha,,
Laboratorio de Tecnologias em Biomassa,sana maria da luz,,sandra maria da luz,,
Laboratorio Compartilhado de Ensino e Pesquisa em Telecomunicacoes,sebastien rondineau,,sebastien roland marie joseph rondineau,,
Laboratorio de Dependabilidade e Seguranca,luiz augusto fontes laranjeira,,luiz augusto fontes laranjeira,,
Laboratorio BIOGAMA,"aneia alves costa lindinger
f) contato do(a) coordenador(a):",,sergio costa ulhoa,,
AI Laboratorio (Laboratorio de Inteligencia Artificial),nilton correia da silva,,nilton correia da silva,,
Laboratorio Fabrica de Software,"  ane luiz peron martins lanna
f contato do coordenador: anelanna@unbbr , (61)99426-5380 tecnico responsavel: cristovao de lima frinhani",,jose roberto de souza de almeida leite,,
Laboratorio de Sistemas Espaciais,paolo gessini,,paolo gessini,,
Laboratorio de Analise de Motores de Combustao Interna,fabio cordeiro de lisboa,,fabio cordeiro de lisboa,,
Laboratorio do Grupo Interdisciplinar de Pesquisas em Energia,rudi van els,,rudi henri van els,,
Laboratorio de Acustica e Vibracoes,maria alzira de araujo nunes,,maria alzira de araujo nunes,,
Laboratorio de Engenharia & Inovacao,suelia de siqueira roigues fleury rosa,,suelia de siqueira rodrigues fleury rosa,,
Laboratorio de Microeletronica e Sistemas Embarcados,daniel munoz,,daniel mauricio munoz arboleda,,
Laboratorio de Tecnologias Educacionais,"vandor roberto vilardi rissoli
f) contato do coordenador:
e-mail: vandorissoli@gmailcom
telefone (pessoal): 61 99213-277",,jose roberto de souza de almeida leite,,
Information Technology - Research and Application Center,rejane maria da costa figueiredo,,rejane maria da costa figueiredo,,
Laboratorio de Caracterizacao de Materiais Metalicos e Ceramicos,roigo arbey munoz meneses,,rodrigo arbey munoz meneses,,
Laboratorio de Nanotecnologia,marilia miranda forte gome,,marilia miranda forte gomes,,
Laboratoria de Sistemas Inteligentes,marilia miranda forte gome,,marilia miranda forte gomes,,
Laboratorio de Informatica em Saude,marilia miranda forte gome,,marilia miranda forte gomes,,
Laboratorio de Quimica,sana maria da luz,,sandra maria da luz,,
Laboratorio de Processos de Fabricacao,rhander viana,,rhander viana,,
Laboratorio de Mecanica Computacional e Experimental,carla tatiana mota anflor,,carla tatiana mota anflor,,
Laboratorio de Propulsao Quimica,olexiy shynkarenko,,olexiy shynkarenko,,
Laboratorio de Desenvolvimento de Sistemas,luciano emidio,,luciano emidio neves da fonseca,,
Laboratorio de Eletricidade Aplicada,jorge cormane,,jorge andres cormane angarita,,
Laboratorio de Sistemas de Energia Eletrica,jorge cormane,,jorge andres cormane angarita,,
Laboratorio de Recursos Renovaveis e Energeticos,roseany de vasconcelos vieira lopes,,roseany de vasconcelos vieira lopes,,
Laboratorio de Termo-fluidos,luciano noleto,,luciano goncalves noleto,,
Laboratorio de Sistemas e Controle ,suzana moreira avila,,suzana moreira avila,,
"Laboratorio de Matematica Aplicada, Gestao e Problemas de Instrumentacao de Engenharia",euler de vilhena garcia,,euler de vilhena garcia,,
 Grupo de Pesquisa em Aprendizado de Maquina,fabricio braz,,fabricio ataides braz,,
Centro de Pesquisa em Arquitetura da Informacao,ricardo matos chaim f,,ricardo matos chaim,,
 Laboratorio de Aparelho Respiratorio,a veronica amado,,veronica moreira amado,,
 Laboratorio de Hematologia,a flavia piazzera,,flavia de oliveira maia pires,,
 Laboratorio de Nefrologia, flavio moura,,flavio jose dutra de moura,,
 Laboratorio de Psiquiatria,a tatiana valverde,,maria del rosario tatiana fernandez mendez,,
 Laboratorio Cardiovascular, alexane soares,,luiz antonio soares romeiro,,
 Laboratorio de Anatomia Molecular e Nanomedicina, jose roberto leite,,jose roberto de souza de almeida leite,,
 Laboratorio de Dermatologia/Micologia,ciro gomes,,ciro martins gomes,,
 Laboratorio de Histopatologia,a fabiana pirani carneiro,,fabiana pirani carneiro,,
 Laboratorio de Parasitologia Medica e Biologia de Vetores, roigo gurgel goncalves,,rodrigo gurgel goncalves,,
Laboratorio de Embriologia Humana e Aplicada, jose eduardo baronez,,jose eduardo baroneza,,
Laboratorio de Ensino e Pesquisa em Otorrinolaringologia, ane sampaio,,evaldo sampaio da silva,,
Laboratorio de Imunohistoquimica,a fabiana pirani carneiro,,fabiana pirani carneiro,,
Laboratorio de Imunohistoquimica e analise de imagem,a eliza duarte,,eliza carla barroso duarte,,
Laboratorio de Odontologia e Antropologia Forenses e Medicina Legal, malthus galvao,,malthus fonseca galvao,,
Laboratorio de Preservacao e Conservacao de Material Anatomico,biol daniel carneiro,,marcella lemos brettas carneiro,,
Laboratorio de Tecnicas Histologicas,a selma kuckelhaus,,selma aparecida souza kuckelhaus,,
 Laboratorio de Genetica Clinica,a juliana mazzeu,,juliana forte mazzeu de araujo,,
Laboratorio de Inovacao em Neurociencias e Ensino em Saude,a alessana ramos venosa,,alessandra ramos venosa,,
Laboratorio de Treinamento e Estudos em Cirurgia Robotica, ane sampaio,,evaldo sampaio da silva,,
Laboratorio de Patologia ,"doralina do amaral rabello ramos (desde 03 de
abril de 2018); vice-coordenadora: leonora maciel de souza vianna
f) contato do cooordenador(a): dorarabello@unbbr (61) 3107-178",,leonora maciel de souza vianna,,
Laboratorio Interdisciplinar de Biociencias,a nadjar nitz,,nadjar nitz silva lociks de araujo,,
 Laboratorio de Anatomia Digital,a jussara rocha ferreira,,jussara rocha ferreira,,
 Laboratorio de Cirurgia Experimental, ane sampaio,,evaldo sampaio da silva,,
 Laboratorio de Imunologia Celular,a maria imaculada barboza junqueir,,maria imaculada muniz barboza junqueira,,
Bioterio de Experimentacao da Faculdade de Medicina,med vet rafael anade,,rafael sanzio araujo dos anjos,,
Nucleo Integrado de Pesquisa em Esfigmomanometria,cristine alves costa de jesus,,cristine alves costa de jesus,,
Nucleo Integrado de Pesquisa em Esfigmomanometria, paulo cesar de jesus,,jose roberto de souza de almeida leite,,
Laboratorio de Avaliacao de Tecnologias em Saude,a maria regina fernandes de oliveira,,maria regina fernandes de oliveira,,
Laboratorio de Pesquisa Pre-Clinica,med vet ana luiza vieira sarkis,,ana aguiar cotrim,,
 Laboratorio de Entomologia, marcos obara,,marcos takashi obara,,
Laboratorio de Epidemiologia,a elisabeth carmen duarte,,elisabeth carmen duarte,,
"Laboratorio de Microbiologia, Imunologia e Biotecnologia "," ane nicolacoordenador(a): anenicola@gmailcom ane moraes nicola, hugo costa paes",,hugo costa paes,,
Laboratorio de Desenvolvimento de Inovacoes Terapeuticas, luiz antonio soares romeiro,,luiz antonio soares romeiro,,
 Laboratorio de Doenca de Chagas,gustavo romero,,gustavo adolfo sierra romero,,
Laboratorio de Leishmaniose, gustavo romero,,gustavo adolfo sierra romero,,
Nucleo de Medicina Tropical,gustavo adolfo sierra romero,,gustavo adolfo sierra romero,,
Laboratorio de Farmacognosia,laila salmen espindola,,laila salmen espindola,,
Laboratorio de Produtos Naturais,"perola magalhaes, damaris silveira",,damaris silveira,,
Laboratorio de Produtos Naturais,yris fonseca bazzo,,yris maria fonseca bazzo,,
Laboratorio de Saude do Trabalhador,maria da graca luderitz hoefel,,maria da graca luderitz hoefel,,
Laboratorio Interdisciplinar de Pesquisa Aplicada a Pratica Clinica em Oncologia,paula elaine diniz dos reis,,paula elaine diniz dos reis,,
Laboratorio de NeuroVirologia Molecular,enrique roberto arganaraz,,enrique roberto arganaraz,,
Laboratorio de NeuroVirologia Molecular,gustavo a arganaraz,,gustavo adolfo arganaraz,,
Patologia Molecular do Cancer,"doralina do amaral rabello ramos
anea motoyama
fabio pittella silva",,doralina do amaral rabello ramos,,
Laboratorio de Biospropeccao,"kanzaki, lib
end via l4, laboratorios multiuso do curso de medicina veterinaria
contato:",,jose roberto de souza de almeida leite,,
Catedra de Estudos e Pesquisas em Bioetica,volnei garrafa,,volnei garrafa,,
Laboratorio de Ciencia dos Alimentos,livia pineli,,livia de lacerda de oliveira pineli,,
"Laboratorio de Educacao, Informacao e Comunicacao em Saude",ana valeria machado mendonca,,ana valeria machado mendonca,,
"Laboratorio de Tecnologia de Medicamentos, Alimentos e Cosmeticos","guilherme m gelfuso, livia pineli, marcilio cunha filho",,francisco ricardo da cunha,,
"Laboratorio de Tecnologia de Medicamentos, Alimentos e Cosmeticos","tais gratieri
end: universidade de brasilia, campus darcy ribeiro faculdade de ciencias da saude, sala ac 109

site: wwwltmaccombr",,jose roberto de souza de almeida leite,,
Laboratorio de Estudos Inter-Geracionais e Promocao de Saude,"elza maria de souza
end campus darcy ribeiro  asa norte sala at 103/31",,elza maria de souza,,
Laboratorio de Processos e Praticas Cientificas em Saude,leides barroso azevedo,,leides barroso azevedo moura,,
Laboratorio de Hematologia ,felipe saldanha de araujo,,felipe saldanha de araujo,,
Laboratorio de Analise de Alimentos, livia de lacerda de oliveira,,livia de lacerda de oliveira pineli,,
Laboratorio de Avaliacao Nutricional, vivian siqueira santos goncalves,,marcus santos mota,,
Laboratorio de Nutricao Clinica e Avaliacao Metabolica,"nathalia marcolini pelucio pizato a a marina k ito, a a eliane said dutra; a a kenia m b de carvalho
email:  pizatonat@unbbr
telefone: 3307-254",,nathalia marcolini pelucio pizato,,
Laboratorio de Farmacologia Molecular,francisco de assis rocha neves,,francisco de assis rocha neves,,
Laboratorio de Estudos e Pesquisas Multidisciplinares em Seguranca do Paciente,maria cristina soares roigues,,maria cristina soares rodrigues,,
Laboratorio de Toxicologia,eloisa dutra caldas,,eloisa dutra caldas,,
Laboratorio de Controle de Qualidade em Medicamentosa,"damaris silveira, perola oliveira magalhaes",,damaris silveira,,
Laboratorio de Controle de Qualidade em Medicamentosa,yris maria fonseca-bazzo,,yris maria fonseca bazzo,,
"Nucleo de Estudo em Enfermagem, Educacao, Processo de Trabalho em Saude ",diana lucia moura pinho,,diana lucia moura pinho,,
Nucleo de Evidencias em Saude/Observatorio de Doencas Raras,natan monsore,,natan monsores de sa,,
Nucleo de Nutricao, teresa helena macedo da costa,,teresa helena macedo da costa,,
"Nucleo de Estudos em Educacao, Promocao da Saude e Projetos Inclusivos",maria raquel gomes maia pires,,maria raquel gomes maia pires,,
Observatorio de Politicas de Seguranca Alimentar e Nutricao,elisabetta recine,,elisabetta gioconda iole giovanna recine,,
Laboratorio do Observatorio de Bioetica e Direitos,aline a s oliveira,,aline fonseca de oliveira,,
"Laboratorio de Bioetica, Etica em Pesquisa e Integridade Cientifica","a dirce bellezi guilhem 
end: universidade de brasilia, unb, faculdade de ciencia da saude campus darcy ribeiro, asa norte
contato: +5561 98158-7000 (a dirce guilhem)
e-mail: eticaempesquisa@unbbr",,jose roberto de souza de almeida leite,,
"Laboratorio de Bioetica, Etica em Pesquisa e Integridade Cientifica",guilhem@unbbr,,dirce bellezi guilhem,,
Laboratorio de Ensaio de Materiais," elton bauer daniel rosa, emmanuel pacheco",,elton bauer,,
Laboratorio de Ensaio de Materiais,palloma muterlle,,palloma vieira muterlle,,
Laboratoriod e Maquinas Termicas,carlos alberto gurgel veras,,carlos alberto gurgel veras,,
Laboratorio de Protecao de Sistemas Eletricos,kleber melo,,kleber melo e silva,,
Laboratorio de Protecao de Sistemas Eletricos,silva,,carolina pescatori candido da silva,,
Laboratorio de Hidraulica,leonardo zandonadi moura,,leonardo zandonadi moura,,
Plataforma de Prestacao de Servicos da Construcao Civil,elton bauer,,elton bauer,,
"Laboratorio de Visualizacao, Interacao e Simulacao;",edison ferreira pratini,,clelia maria de sousa ferreira parreira,,
Laboratorio Automacao e Robotica Aerea,geovany araujo borges,,geovany araujo borges,,
Laboratorio do Grupo de Processamento Digital de Sinais,francisco assis de oliveira nascimento,,francisco assis de oliveira nascimento,,
Laboratorio do Grupo de Automacao e Controle de Processos e Sistemas,"sadek crisostomo absi alfaro 

guilherme caribe de carvalho",,guilherme caribe de carvalho,,
Laboratorio de Mecanica Computacional,francisco evangelista junior,,francisco evangelista junior,,
Laboratorio de Caracterizacao Termomecanica e Microestrutural de Materiais Inteligentes,edson paulo da silva,,edson paulo da silva,,
Laboratorio de Saneamento Ambiental,cristina celia silveira brandao,,cristina celia silveira brandao,,
Laboratorio de Metalurgia e Materiais ,palloma vieira muterll,,palloma vieira muterlle,,
Laboratorio de Dispositivos e Circuitos Integrados,jose camargo da costa,,jose camargo da costa,,
Laboratorio de Infraestrutura,marcio muniz de farias,,marcio muniz de farias,,
Laboratorio de Analise de Tensoes,jorge luiz ferreira,,jorge luiz de almeida ferreira,,
Laboratorio de Analise de Tensoes,suzana avila,,suzana moreira avila,,
Laboratorio do Grupo de Engenharia Biomedica,icaro dos santos,,helton saulo bezerra dos santos,,
Laboratorio de Engenharia de Redes de Comunicacoes,rafael timoteo de sousa jr,,rafael timoteo de sousa jr,,
Laboratorio de Estruturas,marcos honorato de oliveira,,marcos honorato de oliveira,,
Laboratorio de Fadiga e Integridade de Cabos de Energia,"lucival malcher, jorge luiz ferreira",,lucival malcher,,
Laboratorio de Fadiga e Integridade de Cabos de Energia,manuel bracelos,,manuel nascimento dias barcelos junior,,
Laboratorio de Vibracoes e Dinamica de Sistemas,aline souza de paula,,aline souza de paula,,
Laboratorio de Geotecnia,michele dal toe casagrande,,michele dal toe casagrande,,
Laboratorio de Processos de Fabricacao ,alysson martins almeida silva,,alysson martins almeida silva,,
Laboratorio de Ensaios Mecanicos,jose alexander araujo,,jose alexander araujo,,
Laboratorio de Pesquisa e Ensino em Eletromagnetismo e Microondas,plinio r ganime alves,,plinio ricardo ganime alves,,
Laboratorio de Pesquisa e Ensino de Antenas,franklin da costa silva,,franklin da costa silva,,
Laboratorio de Fauna e Unidade de Conservacao,reuber albuquerque brandao,,reuber albuquerque brandao,,
Laboratorio de Pesquisa em Sementes e Viveiro Florestal,rosana de carvalho cristo martins,,rosana de carvalho cristo martins,,
Laboratorio de Silvicultura,anderson marcos,,anderson marcos de souza,,
Laboratorio de Tecnologia da Madeira,ailton teixeira do vale,,ailton teixeira do vale,,
Laboratorio de Ar-condicionado e Refrigeracao,joao manoel dias pimenta,,joao manoel dias pimenta,,
Laboratorio Analise e Sistemas de Potencia,francisco damasceno freitas,,francisco damasceno freitas,,
Laboratorio de Aeroacustica Computacional,roberto francisco boberienth miserda,,roberto francisco bobenrieth miserda,,
Laboratorio de Microondas e Sistemas sem Fio,paulo henrique portela de carvalho,,paulo henrique portela de carvalho,,
Laboratorio de Geoprocessamento e Manejo Florestal,eraldo a t matricardi,,eraldo aparecido trondoli matricardi,,
Laboratorio de Processamento de Sinais em Arranjos de Sensores,joao paulo carvalho lustosa da costa,,joao paulo carvalho lustosa da costa,,
Laboratorio De Fundicao e Soldagem,walter gennari jr,,rafael timoteo de sousa jr,,
Laboratorio de Seguranca Ambiental,paloma vieira muterlle,,palloma vieira muterlle,,
Laboratorio de Televisao Digital e Redes Sem Fio,paulo roberto de lira gondim,,paulo roberto de lira gondim,,
Laboratorio de Propriedades Energeticas e Biomassa,alexane florian,,alexandre florian da costa,,
Laboratorio de Estruturas de Micro-ondas e Ondas Milimetricas,paulo henrique portela de carvalho,,paulo henrique portela de carvalho,,
Laboratorio Aberto de Brasilia,anea cristina dos santos,,andrea cristina dos santos,,
Laboratorio Aberto de Brasilia,"dianne 
magalhaes viana",,dianne magalhaes viana,,
Laboratorio do Programa de Educacao Continuada em Ciencias da Engenharia,aida alves fadel,,aida alves fadel,,
Laboratorio do Grupo de Inovacao em Automacao Industrial,alberto jose alvares,,alberto jose alvares,,
Laboratorio de Motores de Combustao,armando de azevedo caldeira pires,,armando de azevedo caldeira pires,,
Laboratorio Redes Eletricas Inteligentes,anesio de leles ferreira filho,,anesio de leles ferreira filho,,
Laboratorio de Sistemas Hidraulicos e Pneumaticos,essora aida alves fadel,,aida alves fadel,,
Laboratorio de Mecanica dos Fluidos e Escoamento Complexo  ,francisco ricardo da cunha,,francisco ricardo da cunha,,
Laboratorio de Tensao de Materiais e Tratamento Termico,cosme roberto moreira da silva,,cosme roberto moreira da silva,,
Laboratorio de Desenvolvimento de Produto e Prototipagem Rapida,alberto jose alvares,,alberto jose alvares,,
Laboratorio de Ensaios de Equipamentos e Sistemas Eletromedicos ,geovany araujo borges,,geovany araujo borges,,
Nucleo de Multimidia e Internet ,luis fernando ramos molinaro,,luis fernando ramos molinaro,,
 Laboratorio Numerico - Experimental de Estruturas,antonio carlos de oliveira miranda,,antonio carlos de oliveira miranda,,
"Grupo de Pesquisa em Inovacao, Projetos e Processos",sanderson cesar macedo barbalho,,sanderson cesar macedo barbalho,,
Nucleo Brasilia - Observatorio das Metropoles ,romulo jose da costa ribeiro,,romulo jose da costa ribeiro,,
"Laboratorio Multiusuario de Ensino e Pesquisa em Educacao
Matematica",aneia borges avelar da silva,,otilia maria alves da nobrega alberto dantas,,
Laboratorio Multiusuario de Biogeoquimica e Materiais,mauro francisco pinheiro da silva,,mauro francisco pinheiro da silva,,
Laboratorio de Qualidade e Seguranca de Produtos Agricolas Alimentares,flavia nogueira de sa,,flavia nogueira de sa,,
Laboratorio de Experiencias Agroecologicas,flavio murilo pereira da costa,,flavio murilo pereira da costa,,
Laboratorio de Ensino de Biologia I,flavia de sa nogueira,,flavia nogueira de sa,,
Laboratorio de Ensino de Biologia II,flavia de sa nogueira,,flavia nogueira de sa,,
Laboratorio  Multiusuario de Nanociencia Ambiental Aplicada,alex fabiano cortez campos,,alex fabiano cortez campos,,
Laboratorio de Apoio em Ensino de Ciencias I,jeane cristina gomes rotta,,jeane cristina gomes rotta,,
Laboratorio do Nucleo de Estudos e Pesquisas Ambientais e Limnologicas ,ludgero cardoso galli vieira,,ludgero cardoso galli vieira,,
Laboratorio de Ensino de Quimica,mauro francisco pinheiro da silva,,mauro francisco pinheiro da silva,,
Laboratorio de Apoio em Ensino de Ciencias II,jeane cristina gomes rotta,,jeane cristina gomes rotta,,
Laboratorio de Analise e Monitoramento Ambiental,jose vicente elias bernardi,,jose vicente elias bernardi,,
Laboratorio de Biologia Celular e Biotecnologia,marcella lemos brettas carneiro,,marcella lemos brettas carneiro,,
Laboratorio de Pesquisa em Ciencias Sociais e Metodologia Qualitativa,tania cristina da silva cruz,,tania cristina da silva cruz,,
"Laboratorio de Artes, Teatro ",rafael litvin villas boas,,rafael litvin villas boas,,
Laboratorio de Matematica,"simone vasconcelos da silva 
rogerio ferreira  ",,rogerio ferreira,,
Laboratorio de Geodesia e Geoestatistica,rogerio ferreira,,rogerio ferreira,,
Laboratorio de Geodesia e Geoestatistica,anete maria de oliveira ,,anete maria de oliveira,,
Laboratorio de Geociencia e Fisica I ,armando de mendonca maroja,,armando de mendonca maroja,,
Laboratorio de Geociencia e Fisica I ,roigo milloni santucci,,rodrigo miloni santucci,,
Centro de Pesquisa e Aplicacao de Bambu e Fibras Naturais,jaime goncalves de almeida,,jaime goncalves de almeida,,
"Centro Multidiscipinar de Direito, Economia e Tecnologias de Comunicacoes","marcio iorio aranha (fd)
murilo cesar ramos (fac",,marcio botelho de castro,,
Instituto Nacional de Ciencia e Tecnologia de Nanobiotecnologia,ricardo bentes de azevedo,,ricardo bentes de azevedo,,
Instituto de Inclusao no Ensino Superior e na Pesquisa,jose jorge de carvalho,,jose jorge de carvalho,,
Instituto Nacional de Ciencia e Tecnologia de Estudos Geotectonicos,reinhardt fuck,,ricardo gauche,,SIM
Laboratorio de Alelopatia,alfredo gui ferreira,,alice maria de araujo ferreira,,
Colecao Micologica,danilo batista pinho,,danilo batista pinho,,
Colecao de Invertebrados em Meio Liquido,reginaldo constantino,,reginaldo constantino,,
Laboratorio de Cultura de Tecidos Vegetal,sergio araujo figueiredo,,lillian maria araujo de rezende alvares,,
Laboratorio de Bioquimica Vegetal,lourdes isabel velho do amaral,,josiane do socorro aguiar de souza de oliveira campos,,
Laboratorio de Fisiologia do Estresse,nao informou,,ana adelina lopo ramos,,SIM
Laboratorio de Biologia de Insetos Herbivoros,antonio jose camillo de aguiar,,antonio jose camillo de aguiar,,
Laboratorio de Ensino de Ciencias,"ana julia peeira; cristiane roigues menezes russo, joao paulo cunha de menezes",,joao paulo cunha de menezes,,
Laboratorio de Ensino de Ciencias,zara faria sobrinha guimaraes,,luiz fabricio zara,,
 Laboratorio de Evolucao e Ecologia Sensorial,felipe malheiros gawryszewski,,felipe malheiros gawryszewski,,
Laboratorio de Reproducao Animal e Endocrinologia,"carolina madeira lucci;
fernanda paulini",,fernanda paulini,,
Laboratorio de Termobiologia,fabian borghetti,,fabian borghetti,,
Laboratorio de Anatomia Comparativa de Vertebrados,julia klaczko,,julia klaczko,,
Laboratorio de Anatomia Vegetal,sueli maria gomes,,sueli maria gomes,,
Laboratorio de Biologia Molecular de Plantas,luiz alfredo roigues pereira,,luiz alfredo rodrigues pereira,,
Laboratorio de Fisiologia Vegetal,augusto franc,,augusto cesar franco,,
Laboratorio de Biotecnologia de Leveduras,fernando araripe goncalves torres,,fernando araripe goncalves torres,,
Laboratorio de Biotecnologia de Leveduras,lidia maria pepe de moraes,,lidia maria pepe de moraes,,
Laboratorio de Fitopatologia Molecular,marisa ferreira,,marisa alvares da silva velloso ferreira,,
Laboratorio de Limnologia,jose francisco goncalves junior,,jose francisco goncalves junior,,
Laboratorio de Limnologia, murilo dias,,murilo sversut dias,,
Laboratorio de Biofisica Molecular,sonia maria de freitas,,sonia maria de freitas,,
Laboratorio de Biofisica Molecular,joao alexane ribeiro goncalves barbosa,,joao alexandre ribeiro goncalves barbosa,,
Laboratorio de Fitopatologia - Pesquisa em Nematologia Vegetal,cleber furlanetto,,cleber furlanetto,,
Laboratorio de Herptologia,guarino rinaldi colli,,guarino rinaldi colli,,
Laboratorio de Bacteriologia Vegetal,marisa ferreira,,marisa alvares da silva velloso ferreira,,
Laboratorio de Baculovirus,bergmann morais ribeiro,,bergmann morais ribeiro,,
Laboratorio de Aracnideos,paulo cesar motta,,paulo cesar motta,,
Laboratorio de Bentos,maria julia martins silva,,maria julia martins silva,,
Laboratorio de Biologia e Conservacao de Morcegos e Servicos Ambientais,ludmilla moura de souza aguiar,,ludmilla moura de souza aguiar,,
Laboratorio de Planejamento para Conservacao da Biodiversidade,ricardo b machado,,ricardo bomfim machado,,
Laboratorio de Micologia,luiz e b blum,,luiz eduardo bassay blum,,
Laboratorio de Virologia Vegetal,rita de cassia pereira carvalho,,rita de cassia pereira carvalho,,
Laboratorio de Entomologia I,marina regina frizzas,,marina regina frizzas,,
Laboratorio de Entomologia II,jose roberto pujol luz,,jose roberto pujol luz,,
Laboratorio de Biologia Teorica e Computacional,antonio francisco araujo,,antonio francisco pereira de araujo,,
Laboratorio de Biologia Teorica e Computacional,werner treptow,,werner treptow,,
Laboratorio de Relacoes Solo-Vegetacao,essora gabriela bielefeld nardoto,,gabriela bielefeld nardoto,,
"Laboratorio de Pesquisa germinacao, estabelecimento de plantulas e mudancas climaticas",fabian borghetti,,fabian borghetti,,
Laboratorio de Biologia e Conservacao de Mamiferos,jader marinho-filho,,antonio isidro da silva filho,,
Laboratorio de Bioimagem,joao paulo f longo,,joao paulo figueiro longo,,
Laboratorio de Neurociencia e Comportamento,rafael plakoudi souto maior,,rafael plakoudi souto maior,,
Laboratorio de Biologia Evolutiva,rosana tidon,,rosana tidon,,
Laboratorio de Toxinologia,osmindo roigues pires junior,,osmindo rodrigues pires junior,,
Laboratorio de Ecologia e Conservacao de Aves,miguel marini,,miguel angelo marini,,
Laboratorio de Termitologia,reginaldo constantino,,reginaldo constantino,,
Lab. Reg. Genica e Mutagenese,iris ferrari,,paola caliari ferrari martins,,
Laboratorio de Ecologia de Ecossistemas,mercedes bustamante,,mercedes maria da cunha bustamante,,
Laboratorio de Enzimologia,edivaldo ximenes ferreira filho,,edivaldo ximenes ferreira filho,,
Laboratorio de Citogenetica Vegetal da Mandioca,nagib mohammed abdalla nassar,,humberto abdalla junior,,SIM
Laboratorio de Comportamento Animal e Aviario Cientifico,regina helena ferraz macedo,,regina helena ferraz macedo,,
Laboratorio de Lepidoptera / Laboratorio de Mimetismo e Psicologia de Predadores,carlos eduardo guimaraes pinheiro,,carlos eduardo guimaraes pinheiro,,
Laboratorio de Microscopia e Microanalise,jose raimundo correa,,jose raimundo correa,,
Laboratorio de Imunologia e Inflamacao,kelly grace magalhaes,,kelly grace magalhaes,,
Laboratorio de Ecologia do Fogo,heloisa miranda,,heloisa sinatora miranda,,
Laboratorio de Ecologia e Conservacao de Mamiferos,emerson vieira,,emerson monteiro vieira,,
Laboratorio de Ecologia Vegetal,isabel schmidt,,isabel belloni schmidt,,
Laboratorio Analises Moleculares de Patogenos ,vicente de paulo martins,,vicente de paulo martins,,
Laboratorio de Estresse Oxidativo,elida geralda campos,,elida geralda campos,,
Grupo de Imunologia Molecular,anea maranhao,,arthur trindade maranhao costa,,
Lab. Taxonomia de Drosofilideos,rosana tidon,,rosana tidon,,
Laboratorio de Imunologia Molecular,marcelo de macedo brigido,,marcelo de macedo brigido,,
Laboratorio de Bioquimica e Quimica de Proteinas,marcelo valle de sousa,,marcelo valle de sousa,,
Centro de Biotecnologia Molecular,fernando araripe g torres,,fernando araripe goncalves torres,,
Laboratorio de Neurofarmacologia,marcia renata mortari,,marcia renata mortari,,
Laboratorio de Genetica Toxicologica,cesar koppe grisolia,,cesar koppe grisolia,,
"Laminoteca
",sueli maria gomes,,sueli maria gomes,,
Xiloteca,julia sonsin oliveira,,julia sonsin oliveira,,
Nucleo de Ilustracao Cientifica,marcos a s silva ferraz,,marcos antonio dos santos silva ferraz,,
Laboratorio de Metafisica no Pensamento Contemporaneo,hilan nissior bensusan,,hilan nissior bensusan,,
Laboratorio ARCHAI: Origens do Pensamento Ocidental,gabriele cornelli,,gabriele cornelli,,
Laaboratorio e Grupo de Estudos em Relacoes Interetnicas,stephen grant baines,,stephen grant baines,,
Laboratorio de Antropologia da Ciencia e da Tecnica,guilherme jose da silva,,guilherme jose da silva e sa,,
Laboratorio de Antropologia da Ciencia e da Tecnica,sa,,rosana tidon,,
Laboratorio de Antropologia da Ciencia e da Tecnica,carlos sautchuk,,carlos emanuel sautchuk,,
Laboratorio de Antropologia da T/erra,marcela stockler coelho de souza,,marcela stockler coelho de souza,,
"Laboratorio de Estudos da Cidadania, Administracao e Conflitos e Justica",luis roberto cardoso de oliveira,,luis roberto cardoso de oliveira,,
Laboratorio de Estudos da Globalizacao e do Desenvolvimento,kelly cristiane da silva,,kelly cristiane da silva,,
"Laboratorio de Estudos e Pesquisas em Movimentos Indigenas, Politicas Indigenistas e Indigenismo",luis abraham cayon duran,,luis abraham cayon duran,,
Laboratorio de Estudos Interdisciplinares sobre Acesso a Justica e Direito nas Americas,talita tatiana dias rampin,,edna dias canedo,,
Laboratorio de Estudos sobre as Migracoes Internacionais,leonardo cavalcanti da silva,,otilia maria alves da nobrega alberto dantas,,
Laboratorio de Etnografia das Instituicoes e das Praticas de Poder,carla costa teixeira,,carla costa teixeira,,
Laboratorio de Etnologia em Contextos Africanos,ane de souza lobo,,andrea de souza lobo,,
Laboratorio de Etnologia em Contextos Africanos,juliana braz dias,,juliana braz dias,,
Laboratorio de Imagem e Registro de Interacoes Sociais,carlos emanuel sautchuk,,carlos emanuel sautchuk,,
Laboratorio de Indigenismo e Etnologia,jose antonio vieira pimenta,,jose antonio vieira pimenta,,
Laboratorio de Informatica,carlos alexane barboza plinio dos santos,,carlos alexandre barboza plinio dos santos,,
Laboratorio de Pesquisa sobre Estados e Desenvolvimento nas Americas, moises villamil balestro;  luiz guilherme de oliveir,,moises villamil balestro,,
Laboratorio de Pesquisa sobre Estados e Desenvolvimento nas Americas, camilo negri,,camilo chang dorea,,
Laboratorio de Pos-Doutorado e Estudos Avancados em Antropologia,antonadia monteiro borges,,antonadia monteiro borges,,
"Laboratorio de Vivencias e Reflexoes Antropologicas: Direitos, Politicas e Estilo de Vida",antonadia monteiro borges,,antonadia monteiro borges,,
Nucleo de Referencia e Documentacao sobre as Americas, moises villamil balestro;  luiz guilherme de oliveir,,moises villamil balestro,,
Nucleo de Referencia e Documentacao sobre as Americas, camilo negri,,camilo chang dorea,,
Nucleo-Rede de Estudos e Pesquisas sobre Desenvolvimento e Democracia na America Latina,lilia goncalves magalhaes tavolaro,,dais goncalves rocha,,
Nucleo-Rede de Estudos e Pesquisas sobre Desenvolvimento e Democracia na America Latina,flavia lessa de barros,,jose roberto de souza de almeida leite,,
Nucleo de Estudos sobre Violencia e Seguranca,arthur costa m trindade,,arthur trindade maranhao costa,,
Nucleo de Estudos sobre Violencia e Seguranca,cristina zackseski,,cristina maria zackseski,,
Laboratorio do Teatro do Instante,"alice stefania curi
essora doutora rita de almeida castr",,alice stefania curi,,
Laboratorio de Encadernacao,symone roigues jardim,,wagner rodrigues martins,,SIM
"Laboratorio de Arte, Educacao e Visualidade","belidson dias, rosana de castro",,diana vaz de lima,,
"Laboratorio de Arte, Educacao e Visualidade",tatiana fernandez,,maria del rosario tatiana fernandez mendez,,
Laboratorio de Desenvolvimento de Produtos,ana claudia maynardes,,ana claudia maynardes,,
Laboratorio de Design e Prototipagem,francisco leite aviani,,jose roberto de souza de almeida leite,,
"Laboratorio de Design, Indumentaria e Moda",georgia m de castro santos,,georgia maria de castro santos,,
Laboratorio de Desing de Interfaces,virginia tiradentes,,virginia tiradentes souto,,
Laboratorio de Dramaturgia e Imaginacao Dramatica,marcus mota,,marcus santos mota,,
Laboratorio de Editoracao e Programacao Visual,nivalda assuncao,,nivalda assuncao de araujo,,
Laboratorio de Formas Animadas,izabela brochado,,izabela marques dourado bastos charneau,,
Laboratorio de Fotografia Alternativa,ruth moreira de sousa regiani,,ruth moreira de sousa regiani,,
Laboratorio de Gemas e Joias,ana claudia maynardes,,ana claudia maynardes,,
Laboratorio de Guitarra e Musica Popular,bruno mangueira,,bruno rosas mangueira,,
Laboratorio de Imagem e(m) Cena,roberta k matsumoto,,roberta kumasaka matsumoto,,
Laboratorio de Imagem e(m) Cena,luciana hartman,,luciana hartmann,,
Laboratorio de Informatica,ane maya,,andre camargo thome maya monteiro,,
"Laboratorio de Jogos, Narrativas e Linguagens",rogerio jose camara,,rogerio jose camara,,
Laboratorio de Materiais Expressivos,therese hoffman,,therese hofmann gatti rodrigues da costa,,
Laboratorio de Materialidade da Palavra,rogerio jose camara,,rogerio jose camara,,
Laboratorio de Musicologia, a beatriz duarte pereira de magalhaes castro,,beatriz duarte pereira de magalhaes castro,,
Laboratorio de Performance e Teatro do Vazio,simone silva reis mott,,carolina pescatori candido da silva,,
Laboratorio de Performance e Teatro do Vazio,giselle roigues de brito,,giselle rodrigues de brito,,
Laboratorio de Pesquisa e Criacao Artistica em Poeticas do Movimento,marcia duarte,,marcia duarte pinho,,
Laboratorio de Pesquisa e Criacao Artistica em Poeticas do Movimento,giselle roigues,,giselle rodrigues de brito,,
Laboratorio de Serigrafia,evano renato perott,,evandro renato perotto,,
Laboratorio de Sonoplastia, marcus santos mota,,marcus santos mota,,
Laboratorio de Sonoplastia,tec glauco maciel,,leonora maciel de souza vianna,,
Laboratorio de Teoria e Historia da Arte,"a vera pugliese
contato: verapugliese@gmailcom",,vera marisa pugliese de castro,,
Laboratorio ETHOS - Estudos em Design e Cultura ,nayara moreno de siqueira,,nayara moreno de siqueira,,
Laboratorio Interdisciplinar de Investigacao e Acao Artistica,fernando villar,,fernando antonio pinheiro villar de queiroz,,
Laboratorio Transdisciplinar de Cenografia,sonia paiva,,fernando paiva scardua,,
Laboratorio Visualidades Graficas,celia matsunaga higawa / marisa cobbe maass,,marisa cobbe maass,,
Laboratorio de Papel Artesanal,therese hoffman,,therese hofmann gatti rodrigues da costa,,
"Laboratorio de Pesquisa, Desenvolvimento e Inovacao em Midias Interativas ","  antenor ferreira correa

                              ",,antenor ferreira correa,,
Laboratorio de Pesquisa em Arte e Realidade Virtual - Kennetic World e Perceptos e Afectos,suzete venturelli,,suzete venturelli,,
Laboratorio de Pesquisa em Design e Urbanidades,daniela favaro garrossini,,daniela favaro garrossini,,
Centro do Coletivo de Documentacao e Pesquisa em Danca Eros Volusia,soraia maria silva,,soraia maria silva,,
Nucleo de Treinamento do Ator,rita de almeida castro,,rita de cassia de almeida castro,,
Laboratorio do Teatro da Mentira,felicia johanson,,felicia johansson carneiro,,
Laboratorio de Pesquisas Pianisticas, a gisele pires de oliveira mota,,gisele pires de oliveira mota,,
Laboratorio Interdisciplinar de Estudos do Som, a tatiana olivieri catanzaro,,maria del rosario tatiana fernandez mendez,,
Laboratorio de Probabilidade Aplicada e Modelagem Estocastica,bernardo borba de anade,,bernardo borba de andrade,,
Laboratorio de Raciocinio Automatizado,marcelo ladeira,,marcelo ladeira,,
Laboratorio de Engenharia de Software, vander alves,,vander ramos alves,,
Laboratorio de Transporte Aereo,li weigang,,li weigang,,
"Laboratorio de Imagens, Sinais e Acustica",camilo chang dorea,,camilo chang dorea,,
Laboratorio do Programa Institucional de Bolsa de Iniciacao a Docencia em Matematica,lineu da costa araujo neto,,lineu da costa araujo neto,,
Laboratorio de Formalismos da Computacao e Experimentos em metodos Formais, mauricio ayala rincon,,mauricio ayala rincon,,
Laboratorio de Ensino de Matematica,lineu costa,,lineu da costa araujo neto,,
Laboratorio do Programa de Educacao Tutorial em Matematica,luciana avila roigues,,luciana maria dias de avila rodrigues,,
Laboratorio de Bioestatistica,eduardo yoshio nakano,,eduardo yoshio nakano,,
Laboratorio de Ciencia de Dados,bernardo borba de anade,,bernardo borba de andrade,,
Laboratorio de Ensino,regina pina,,regina da silva pina neves,,
Laboratorio de Fluidos Complexos,jerome depeyrot,,jerome depeyrot,,
Laboratorio de Espectroscopia Eletronica,alexana mocellin,,alexandra mocellin,,
Laboratorio de Espectroscopia Optica,sebastiao william da silva,,sebastiao william da silva,,
Laboratorio de Espectroscopia Raman,sebastiao william da silva,,sebastiao william da silva,,
Laboratorio de Quimica do NFA,sebastiao william da silva,,sebastiao william da silva,,
Laboratorio de Calculo Cientifico em Fisica de Nanoestruturas,antonio luciano de a fonseca,,antonio luciano de almeida fonseca,,
Laboratorio de Fotobiorreatores,luiz roncaratti,,luiz fernando roncaratti jr,,
Laboratorio de Cosmologia e Astrofisica,ivan soares ferreira,,ivan soares ferreira,,
Laboratorio de Estudos de Nanossilicatos ,geraldo jose da silva,,geraldo jose da silva,,
Laboratorio de Calculo Cientifico do Instituto de Fisica,qu fanyao,,qu fanyao,,
Laboratorio MOSSBAUER,jose antonio h coaquira,,jose antonio huamani coaquira,,
Laboratorio de Espectroscopia Fotoacustica,paulo cesar de morais,,jose roberto de souza de almeida leite,,
Laboratorio Multiusuario de Medidas de Propriedades Fisicas ,jose antonio h coaquira,,jose antonio huamani coaquira,,
Laboratorio de Sintese de Materiais ,jose a humani coaquira,,jose roberto de souza de almeida leite,,
Laboratorio de Cristais Liquidos ,marcus b lacerda santos,,paulo henrique fernandes dos santos,,
Laboratorio de Cristais Liquidos ,geraldo jose da silva,,geraldo jose da silva,,
Laboratorio de Caracterizacao de Baixas Dimensionalidades ,jerome depeyrot,,jerome depeyrot,,
Laboratorio de Caracterizacao Fisico-Quimica de Nanomateriais ,jerome depeyrot,,jerome depeyrot,,
Laboratorio de Caracterizacao Magneto-optica de Nanocoloides,jerome depeyrot,,jerome depeyrot,,
Laboratorio Multiusuario de Materiais Avancados e Sistemas Complexos,jerome depeyrot,,jerome depeyrot,,
Laboratorio de Nanocoloides Magneticos ,jerome depeyrot,,jerome depeyrot,,
"Fisica INOVA - Portal de Produtos e Servicos Tecnologicos, Cientificos e Educacionais do Instituto de Fisica/UnB",maria de fatima roigues makiuchi,,maria de fatima rodrigues makiuchi,,
Laboratorio de Manipulacao de Amostras,tec marcelo de souza parise,,heloisa maria moreira lima de almeida salles,,
Laboratorio de Plasmas ,jose leonardo ferreira,,jose leonardo ferreira,,
Laboratorio de Sintese de Nanomateriais e Caracterizacao Magnetica,jose antonio h coaquira,,jose antonio huamani coaquira,,
Laboratorio de Computacao de Fisica Atomica e Molecular,"ricardo gargano, peo henrique e demetrio filho",,ricardo gargano,,
Laboratorio de Criogenia,junio marcio rosa cruz,,junio marcio rosa cruz,,
Experimentoteca de Fisica,jose eduardo martins,,jose eduardo martins,,
Nucleo de Relatividade e Teoria de Particulas," paulo sergio da silva caldas
  vanessa carvalho de anade",,paulo sergio da silva caldas,,
Nucleo de Fisica Experimental, jose leonardo ferreira   jerome depeyro,,jose leonardo ferreira,,
Nucleo de Fisica Aplicada,"a maria aparecida g s pajanian
  jose antonio huamani coaquira",,jose antonio huamani coaquira,,
Nucleo de Estrutura da Materia," fabio menezes de souza lima
  jose felippe beaklini filh",,fabio menezes de souza lima,,
Nucleo de Fisica Atomica e Molecular, ricardo gargano  wiliam ferreira da cunha,,ricardo gargano,,
Nucleo de Fisica Matematica e Estatistica," tarcisio marciano da rocha filho
  marco antonio amato",,tarcisio marciano da rocha filho,,
Observatorio Astronomico Luis Cruls da Fazenda Agua Limpa,jose leonardo ferreira,,jose leonardo ferreira,,
Laboratorio De Sensoriamento Remoto E Analise Espacial,tati almeida,,tati de almeida,,
Laboratorio De Geocronologia e Geoquimica Isotopica,lucieth cruz vieira,,lucieth cruz vieira,,
Acqua Lab,luciano soares da cunha,,luciano soares da cunha,,
Laboratorio De Microscopia,sylvia maria de araujo,,sylvia maria araujo,,
Laboratorio de Preparacao de Amostras,catatina laboure benfica toledo,,catarina laboure bemfica toledo,,
Laboratorio De Laminacao,lucieth cruz vieira,,lucieth cruz vieira,,
Laboratorio De Inclusoes Fluidas,marcia abrahao moura,,marcia abrahao moura,,
Laboratorio De Geoquimica E Agua,jeremie garnier,,jeremie garnier,,
"Laboratorio de Cartografia, Topografia Geodesia.",edilson de souza bias,,edilson de souza bias,,
Laboratorio De Estudos Da Litosfera,jose eduardo p soares,,jose eduardo pereira soares,,
Laboratorio De Difratometria De Raios X,aiana maria coimbra horbe,,adriana maria coimbra horbe,,
Laboratorio De Isotopos Estaveis,roberto ventura santos,,roberto ventura santos,,
Laboratorio De Micropaleontologia,dermeval aparecido do carmo,,dermeval aparecido do carmo,,
Laboratorio Computacional De Geofisica Aplicada,marco ianniruberto,,marco ianniruberto,,
Laboratorio De Microssonda Eletronica,nilson francisquini botelho,,nilson francisquini botelho,,
Laboratorio de Mineralogia Aplicada,edi mendes guimaraes,,laura schertel ferreira mendes,,
Laboratorio De Gemologia, valmir da silva souza,,valmir da silva souza,,
Laboratorio De Ensino De Topografia,edilson souza bias,,edilson de souza bias,,
Laboratorio De Microscopia Eletronica De Varredura,luis gustavo ferreira viegas,,luis gustavo ferreira viegas,,
Laboratorios de Microinformatica e Recursos Computacionais,henrique llacer roig,,henrique llacer roig,,
Laboratorio De Geofisica Aplicada,marco ianniruberto,,marco ianniruberto,,
Museu de Geociencias,benhard manfred buhun,,bernard herman hess,,SIM
Observatorio Sismologico,monica giannoccaro von huelsen,,monica giannoccaro von huelsen,,
Laboratorio de Teoria da Historia,"daniel faria,   arthur assis,   estevao de rezende martins",,jose roberto de souza de almeida leite,,
Laboratorio de Historia Social,luiz paulo ferreira noguerol,,luiz paulo ferreira noguerol,,
Laboratorio de Climatologia Geografica,rafael roigues da franca,,rafael rodrigues da franca,,
Laboratorio de Ensino de Historia,"susane roigues de oliveira,
anderson oliva;
edlene silva; 
ana flavia magalhaes pinto; 
cristiane de assis portela",,cristiane de assis portela,,
Laboratorio GEOREDES,fernando luiz araujo sobrinho,,fernando luiz araujo sobrinho,,
Laboratorio de Pesquisa em Historia e Historiografia do Brasil,eloisa pereira barroso,,eloisa pereira barroso,,
Laboratorio de Analises Territoriais,nelba azevedo penna,,nelba azevedo penna,,
Laboratorio de Geografia Fisica,roselir de oliveira nascimento,,roselir de oliveira nascimento,,
Laboratorio de Sistemas de Informacoes Espaciais,osmar abilio de carvalho junior,,osmar abilio de carvalho junior,,
"Laboratorio de Geografia, Ambiente e Saude",helen da costa gurgel,,helen da costa gurgel,,
Laboratorio de Geoiconografia e Multimidias,valdir a steinke,,valdir adilson steinke,,
Centro de Estudos e Pesquisa sobre Sistemas de Abastecimento Alimentar Integrados e Praticas Alimentares,newton narciso gomes junior,,newton narciso gomes junior,,
Nucleo de Estudos e Acoes Multilaterais de Cooperacao em Educacao e Saude,mario angelo silva,,carolina pescatori candido da silva,,
Centro de Cartografia Aplicada e Informacao Geografica,rafael sanzio araujo dos anjos,,rafael sanzio araujo dos anjos,,
Centro de Documentacao Geografica  Milton Santos,rafael sanzio araujo dos anjos,,rafael sanzio araujo dos anjos,,
"Laboratorio de Teoria Social, Psicanalise e Filosofia do Centro-Oeste",herivelto pereira de souza,,herivelto pereira de souza,,
Nucleo de Acessibilidade,helena santiago vigata,,helena santiago vigata,,
Centro de Pesquisas em Analise de Discurso Critica,josenia antunes vieira,,roseany de vasconcelos vieira lopes,,
Centro de Estudos Lexicais e Terminologicos,enilde faulstich,,enilde leite de jesus faulstich,,
Laboratorio Sala Ambiente de Pesquisa em Traducao, ,,jose roberto de souza de almeida leite,,
Laboratorio de Linguas Indigenas,ana suelly c cabral,,ana suelly arruda camara cabral,,
Laboratorio de Estudos Formais da Gramatica,heloisa salles,,heloisa maria moreira lima de almeida salles,,
Laboratorio de Producao de Textos,juliana dia,,juliana de freitas dias,,
Laboratorio de Estudos Criticos do Discurso,viviane resend,,viviane de melo resende,,
Laboratorio de Estudos Criticos do Discurso,a a viviane vieira,,viviane cristina vieira,,
Laboratorio de Elaboracao de Materiais Didaticos e Pedagogicos,daniele m grannier,,daniele nunes henrique silva,,
Laboratorio de Elaboracao de Materiais Didaticos e Pedagogicos,orlene saboia,,orlene lucia de saboia carvalho,,
Laboratorio de Traducao Audiovisual,soraya ferreira alves,,soraya ferreira alves,,
"Laboratorio deAssociacao da Linguistica,Educacao eAntropologia em estudos do Contato de Linguas, Dialetos e Grupos Sociais na Europa, Africa e Americas",ulisdete roigues de souza roigues,,diana vaz de lima,,
Laboratorio de Praticas Educativas,patricia lima martins pederiva,,patricia lima martins pederiva,,
Nucleo de Tipologia Linguistica,dioney moreira gome,,dioney moreira gomes,,
Nucleo de Tipologia Linguistica,a a flavia de castro alves,,flavia de castro alves,,
Nucleo de Recursos e Estudos Hispanicos - Antonio de Nebrija ,"essora maria carolina calvo capilla  servidor tecnico responsavel: jose humberto alves endereco: instituto central de ciencias-icc, entrada sul, subsolo: biblioteca, bss 227/56",,maria carolina calvo capilla,,
Nucleo de Recursos e Estudos Hispanicos - Antonio de Nebrija ,"multiuso, bss 235 unb asa norte brasilia 
telefone: (55) 61 3107-6407 / 61 3107-7607 
e-mail: mcarolina@unbbr 
horario: de segunda a sexta de 14h a 22h 
nome da coordenadora: essora maria carolina calvo capilla 
servidor tecnico responsavel: jose humberto alves ",,jose roberto de souza de almeida leite,,
Nucleo de Estudos de Linguagem e Sociedade,carmem caetano,,carmem jena machado caetano,,
Laboratorio de Pesquisa em Psicologia no Espaco Publico e suas Interdisciplinaridades - Agora Psyche,lucia helena cavasin zabotto pulino,,lucia helena cavasin zabotto pulino,,
Laboratorio de Microgeneses nas Interacoes Sociais,"maria claudia santos lopes de oliveira
mcsloliveira@gmailcom
98127927",,maria claudia santos lopes de oliveira,,
Laboratorio de Desenvolvimento Familiar;,liana fortunato costa,,dante flavio da costa reis junior,,
"Laboratorio Integrado de Pos-Graduacao e Pesquisa
Experimental em Psicologia com Humanos",ronaldo pilati ,,ronaldo pilati rodrigues,,
Laboratorio de Psicologia do Conhecimento;,maria helena favero,,alice maria de araujo ferreira,,
Laboratorio de Processos Cognitivos ,a goiara mendonca de castilho,,goiara mendonca de castilho,,
Laboratorio de Psicobiologia, luciano grudtner buratto,,luciano grudtner buratto,,
"Laboratorio de Familia, Grupos e Comunidade",liana fortunato costa,,dante flavio da costa reis junior,,
Laboratorio de Psicologia da Saude e Desenvolvimento,tereza cristina cavalcanti ferreira de araujo,,tereza cristina cavalcanti ferreira de araujo,,
Laboratorio de Saude Mental e Cultura,marcelo da silva araujo tavares,,marcelo da silva araujo tavares,,
Programa de Estudos e Atencao as Dependencias Quimicas,maria fatima olivier sudbrack,,heloisa maria moreira lima de almeida salles,,
"Laboratorio de Aprendizagem, Processos Psicossociais e
Mudanca nas Organizacoes",jairo eduardo borges-anade,,eduardo di deus,,
Laboratorio de Metodos e Tecnicas de Avaliacao,jacob arie laros,,jacob arie laros,,
Laboratorio de Pesquisa em Avaliacao e Medida,cristiane faiad de moura,,cristiane faiad de moura,,
Laboratorio de Psicodinamica e Clinica do Trabalho,emilio peres facas,,emilio peres facas,,
Laboratorio de Psicologia Social,"fabio iglesias
ronaldo pilati",,fabio iglesias,,
Laboratorio de Psicologia Escolar e do Desenvolvimento,"claisy maria marinho araujo
",,claisy maria marinho-araujo,,
"Laboratorio de Ergonomia da Atividade, Cognicao e Saude;",mario cesar ferreira,,mario cesar ferreira,,
Laboratorio de Psicologia Social do Desenvolvimento;,angela maria de oliveira almeida,,nara maria pimentel,,
Laboratorio de Analise Experimental do Comportamento ,a josele abreu roigues,,josele regina de oliveira abreu rodrigues,,
Laboratorio de Pesquisa Cognicao e Efetividade nas Organizacoes,katia puente-palacios,,katia elizabeth puente-palacios,,
Laboratorio de Aprendizagem Humana;,jorge mendes de oliveira castro,,jorge mendes de oliveira-castro neto,,
Laboratorio de Psicanalise e Processos de Subjetivacao,daniela scheinkman chatelard,,daniela scheinkman chatelard,,
Laboratorio de Psicologia Social Transcultural,claudio vaz torres,,claudio vaz torres,,
"Laboratorio de Psicopatologia, Linguagem e Psicanalise",valeska zanello,,valeska maria zanello de loyola,,
Laboratorio de Avaliacao de Sistemas instrucionais,gardenia da silva abbad,,gardenia da silva abbad,,
Laboratorio de Diversidade e Cultura nas Organizacoes,elaine rabelo neiva,,elaine rabelo neiva,,
Grupo de Pesquisa sobre Democracia e Desigualdade,"luis felipe miguel
flavia biroli
danusa marques
carlos machado
thiago aparecido

luisfelipemiguel@gmailcom
flaviabiroli@gmailcom",,luis felipe miguel,,
Grupo Repensando as Relacoes entre Sociedade e Estado,"debora rezende
marisa von bulow
rebecca abers 
",,marisa von bulow,,
"Laboratorio de Pesquisa em Comportamento Politico, Instituicoes e Politicas Publicas",ane borges de carvalho,,andre borges de carvalho,,
Laboratorio de Quimica Analitica e Ambiental,jurandir roigues de souza,,jurandir rodrigues de souza,,
Central Analitica - Difracao de RX (Monocristal),aline lima de oliveira paterno,,aline lima de oliveira,,
Laboratorio de Ensino em Quimica Organica,talita de almeida fernandes,,talita de almeida fernandes,,
Laboratorio de Sintese Inorganica e BioInorganica,maryene alves camargo,,maryene alves camargo,,
Laboratorio de pesquisa em Quimica Analitica e Seguranca Quimica (Meio Ambiente),tais a pitta g cotta,,tais gratieri,,
Laboratorio de Quimica Metodologica e Sintetica Organica,carlos kleber zago de anade,,carlos kleber zago de andrade,,
"Laboratorio de Instrumentacao, Automacao e Miniaturizacao Analitica",alexane fonseca,,alexandre fonseca,,
Laboratorio de Quimica BioAnalitica,marly eiko osugi,,marly eiko osugi,,
Laboratorio de Catalise,jose alves dias,,jose alves dias,,
Laboratorio de Quimica Medicinal e Tecnologica,brenno amaro da silveira neto,,brenno amaro dasilveira neto,,
Laboratorio de Ensino de Quimica Computacional,joao batista lopes martins,,joao batista lopes martins,,
Laboratorio de Sintese Inorganica e Cristalografia,claudia cristina gatto,,claudia cristina gatto,,
 Laboratorio de Quimica Computacional,joao batista lopes martins,,joao batista lopes martins,,
Laboratorio de Isolamento e Transformacao de Moleculas Organicas,angelo henrique de lira machado,,angelo henrique de lira machado,,
"Laboratorio de Automacao, Quimiometria e Quimica Ambiental",fernando fabriz soe,,fernando fabriz sodre,,
"Laboratorio de Quimica de Coloides, Superficies e Interfaces",alexane gustavo soares do prado,,josiane do socorro aguiar de souza de oliveira campos,,
Laboratorio de Materiais e Combustiveis,paulo anselmo ziani suarez,,paulo anselmo ziani suarez,,
Laboratorio de Ressonancia Magnetica Nuclear,aline lima de oliveira,,aline lima de oliveira,,
Laboratorio de Inorganica e Materiais,"ingrid weber
marcelo roigues",,marcelo ladeira,,
Laboratorio de Bioprocessos Cervejeiros e Catalise Aplicada a Energias Renovaveis,grace ferreira ghesti,,grace ferreira ghesti,,
Laboratorio de Desenvolvimento de Processos Quimicos,simone monteiro,,simone monteiro e silva,,
Laboratorio de Desenvolvimento de Processos Quimicos,silva,,carolina pescatori candido da silva,,
Laboratorio de Pesquisa em Polimeros e Nanomateriais,maria jose araujo sales,,maria jose araujo sales,,
Central Analitica - Difracao de RX (Po),aline lima de oliveira paterno,,aline lima de oliveira,,
Central Analitica - Infra Vermelho,aline lima de oliveira paterno,,aline lima de oliveira,,
Central Analitica - RMN 300,aline lima de oliveira paterno,,aline lima de oliveira,,
Central Analitica II - Equipamentos,aline lima de oliveira paterno,,aline lima de oliveira,,
Fabrica Escola de Quimica,fabio moreira da silva,,fabio moreira da silva,,
Centro de Asia e America Latina,danielly silva ramos becard,,danielly silva ramos becard,,
Centro de Estudos sobre as Relacoes Internacionais do Brasil Contemporaneo,antonio carlos lessa,,antonio carlos moraes lessa,,
Laboratorio de Estudos Afrocentrados em Relacoes Internacionais,thiago gehre galvao,,thiago de carvalho rodrigues doca,,
Nucleo de Estudos do Oriente,vania carvalho,,vania carvalho pinto,,
Nucleo de Estudos sobre ospensadores classicos e os debates contemporaneos,eiiti sato,,eiiti sato,,
